역사명,역사도로명주소,,,,,,,,,,,,,
판암,대전광역시 동구 옥천로 지하162 (판암동),,,,,,,,,,,,,
신흥,대전광역시 동구 옥천로 지하 70 (판암동),,,,,,,,,,,,,
대동,대전광역시 동구 계족로 지하 176 (대동),,,,,,,,,,,,,
대전,대전광역시 동구 중앙로 지하 218 (중동),,,,,,,,,,,,,
중앙로,대전광역시 중구 중앙로 지하 145 (은행동),,,,,,,,,,,,,
중구청,대전광역시 중구 중앙로 지하 71 (선화동),,,,,,,,,,,,,
서대전네거리,대전광역시 중구 계룡로 지하 889(용두동),,,,,,,,,,,,,
오룡,대전광역시 중구 계룡로 지하 793(오류동),,,,,,,,,,,,,
용문,대전광역시 서구 계룡로 지하 644(용문동),,,,,,,,,,,,,
탄방,대전광역시 서구 문정로48번길 지하 19(탄방동),,,,,,,,,,,,,
시청,대전광역시 서구 둔산중로 지하 55(둔산동),,,,,,,,,,,,,
정부청사,대전광역시 서구 한밭대로 지하 744(둔산동),,,,,,,,,,,,,
갈마,대전광역시 서구 한밭대로 지하 666(갈마동),,,,,,,,,,,,,
월평,대전광역시 서구 한밭대로 지하 595(월평동),,,,,,,,,,,,,
갑천,대전광역시 서구 갑천도시고속도로 지하 1833(월평동),,,,,,,,,,,,,
유성온천,대전광역시 유성구 계룡로 지하 97(봉명동),,,,,,,,,,,,,
구암,대전광역시 유성구 유성대로 703(구암동),,,,,,,,,,,,,
현충원,대전광역시 유성구 현충원로 지하 455(구암동),,,,,,,,,,,,,
월드컵경기장,대전광역시 유성구 한밭대로 지하 155(노은동),,,,,,,,,,,,,
노은,대전광역시 유성구 노은로 지하 161(지족동),,,,,,,,,,,,,
지족,대전광역시 유성구 노은로 273(지족동),,,,,,,,,,,,,
반석,대전광역시 유성구 북유성대로 지하 303(반석동),,,,,,,,,,,,,
괘법르네시떼역,부산광역시 사상구 광장로 9번,,,,,,,,,,,,,
서부산유통지구역,부산광역시 강서구 유통단지 1로 57번길 7번,,,,,,,,,,,,,
공항역,부산광역시 강서구 공항진입로 165,,,,,,,,,,,,,
덕두역,부산광역시 강서구 경전철로 10,,,,,,,,,,,,,
등구역,부산광역시 강서구 낙동북로 294,,,,,,,,,,,,,
대저역,부산광역시 강서구 낙동북로 294,,,,,,,,,,,,,
평강역,부산광역시 강서구 낙동북로203,,,,,,,,,,,,,
대사역,부산광역시 강서구 낙동북로 82,,,,,,,,,,,,,
불암역,경상남도 김해시 김해대로 2787,,,,,,,,,,,,,
지내역,경상남도 김해시 김해대로 2718,,,,,,,,,,,,,
김해대학역,경상남도 김해시 김해대로 2641,,,,,,,,,,,,,
인제대역,경상남도 김해시 김해대로 2515,,,,,,,,,,,,,
김해시청역,경상남도 김해시 김해대로 2408,,,,,,,,,,,,,
부원역,경상남도 김해시 김해대로 2350,,,,,,,,,,,,,
봉황역,경상남도 김해시 김해대로 2249,,,,,,,,,,,,,
수로왕릉역,경상남도 김해시 김해대로 2181,,,,,,,,,,,,,
박물관역,경상남도 김해시 김해대로 2103,,,,,,,,,,,,,
연지공원역,경상남도 김해시 해반천로 5,,,,,,,,,,,,,
장신대역,경상남도 김해시 해반천로 129,,,,,,,,,,,,,
가야대역,경상남도 김해시 해반천로 211,,,,,,,,,,,,,
사상역,부산광역시 사상구 광장로 83,,,,,,,,,,,,,
안평역,부산광역시 기장군 철마면 반송로 1101,,,,,,,,,,,,,
고촌역,부산광역시 기장군 철마면 반송로 991,,,,,,,,,,,,,
동부산대학역,부산광역시 해운대구 반송로 917,,,,,,,,,,,,,
영산대역,부산광역시 해운대구 반송로 803,,,,,,,,,,,,,
석대역,부산광역시 해운대구 석대천로 121,,,,,,,,,,,,,
반여농산물시장역,부산광역시 해운대구 반송로 550,,,,,,,,,,,,,
금사역,부산광역시 금정구 반송로 지하 465,,,,,,,,,,,,,
서동역,부산광역시 금정구 반송로 지하 387,,,,,,,,,,,,,
명장역,부산광역시 동래구 반송로 지하 281,,,,,,,,,,,,,
충렬사역,부산광역시 동래구 반송로 지하 205,,,,,,,,,,,,,
낙민역,부산광역시 동래구 충렬대로 지하 285,,,,,,,,,,,,,
수안역,부산광역시 동래구 충렬대로 지하 223,,,,,,,,,,,,,
동래역(4호선),부산광역시 동래구 충렬대로 지하 147,,,,,,,,,,,,,
미남역(4호선),부산광역시 동래구 아시아드대로 지하 232,,,,,,,,,,,,,
대저역,부산광역시 강서구 낙동북로 295,,,,,,,,,,,,,
체육공원역,부산광역시 강서구 낙동북로 371,,,,,,,,,,,,,
강서구청역,부산광역시 강서구 낙동북로 485,,,,,,,,,,,,,
구포역,부산광역시 북구 낙동대로 1697,,,,,,,,,,,,,
덕천역(3호선),부산광역시 북구 금곡대로 지하 14,,,,,,,,,,,,,
숙등역,부산광역시 북구 만덕대로 지하 79,,,,,,,,,,,,,
남산정역,부산광역시 북구 만덕대로 지하 179,,,,,,,,,,,,,
만덕역,부산광역시 북구 만덕대로 지하 291,,,,,,,,,,,,,
미남역(3호선),부산광역시 동래구 아시아드대로 지하 232,,,,,,,,,,,,,
사직역,부산광역시 동래구 아시아드대로 지하 153,,,,,,,,,,,,,
종합운동장역,부산광역시 연제구 아시아드대로 지하 73,,,,,,,,,,,,,
거제역,부산광역시 연제구 월드컵대로 지하 209,,,,,,,,,,,,,
연산역(3호선),부산광역시 연제구 중앙대로 지하 1101,,,,,,,,,,,,,
물만골역,부산광역시 연제구 월드컵대로 지하 23,,,,,,,,,,,,,
배산역,부산광역시 연제구 연수로 지하 229,,,,,,,,,,,,,
망미역,부산광역시 수영구 연수로 지하 337,,,,,,,,,,,,,
수영역(3호선),부산광역시 수영구 수영로 지하 677,,,,,,,,,,,,,
양산역,경상남도 양산시 강변로 441,,,,,,,,,,,,,
남양산역,경상남도 양산시 동면 메기로 380,,,,,,,,,,,,,
부산대양산캠퍼스역,경상남도 양산시 물금읍 메기로 270,,,,,,,,,,,,,
증산역,경상남도 양산시 물금읍 메기로 168,,,,,,,,,,,,,
호포역,경상남도 양산시 동면 양산대로 62,,,,,,,,,,,,,
금곡역,부산광역시 북구 금곡대로 685,,,,,,,,,,,,,
동원역,부산광역시 북구 금곡대로 575,,,,,,,,,,,,,
율리역,부산광역시 북구 금곡대로 지하 440,,,,,,,,,,,,,
화명역,부산광역시 북구 금곡대로 지하 311,,,,,,,,,,,,,
수정역,부산광역시 북구 금곡대로 지하 160,,,,,,,,,,,,,
덕천역(2호선),부산광역시 북구 금곡대로 지하 14,,,,,,,,,,,,,
구명역,부산광역시 북구 백양대로 지하 1094,,,,,,,,,,,,,
구남역,부산광역시 북구 백양대로 지하 1026,,,,,,,,,,,,,
모라역,부산광역시 사상구 사상로 지하 498,,,,,,,,,,,,,
모덕역,부산광역시 사상구 사상로 지하 409,,,,,,,,,,,,,
덕포역,부산광역시 사상구 사상로 지하 320-1,,,,,,,,,,,,,
사상역,부산광역시 사상구 사상로 지하 203,,,,,,,,,,,,,
감전역,부산광역시 사상구 사상로 지하 93-1,,,,,,,,,,,,,
주례역,부산광역시 사상구 가야대로 지하 292,,,,,,,,,,,,,
냉정역,부산광역시 사상구 가야대로 지하 362-1,,,,,,,,,,,,,
개금역,부산광역시 부산진구 가야대로 지하 442,,,,,,,,,,,,,
동의대역,부산광역시 부산진구 가야대로 지하 554,,,,,,,,,,,,,
가야역,부산광역시 부산진구 가야대로 지하 650,,,,,,,,,,,,,
부암역,부산광역시 부산진구 가야대로 지하 719,,,,,,,,,,,,,
서면역(2호선),부산광역시 부산진구 중앙대로 지하 730,,,,,,,,,,,,,
전포역,부산광역시 부산진구 전포대로 지하 181,,,,,,,,,,,,,
국제금융센터부산은행역,부산광역시 남구 전포대로 지하 97,,,,,,,,,,,,,
문현역,부산광역시 남구 전포대로 지하 17,,,,,,,,,,,,,
지게골역,부산광역시 남구 수영로 지하 70,,,,,,,,,,,,,
못골역,부산광역시 남구 수영로 지하 170,,,,,,,,,,,,,
대연역,부산광역시 남구 수영로 지하 242,,,,,,,,,,,,,
경성대부경대역,부산광역시 남구 수영로 지하 324,,,,,,,,,,,,,
남천역,부산광역시 수영구 수영로 지하 410,,,,,,,,,,,,,
금련산역,부산광역시 수영구 수영로 지하 482,,,,,,,,,,,,,
광안역,부산광역시 수영구 수영로 지하 576,,,,,,,,,,,,,
수영역,부산광역시 수영구 수영로 지하 677,,,,,,,,,,,,,
민락역,부산광역시 수영구 수영로 지하 769,,,,,,,,,,,,,
센텀시티역,부산광역시 해운대구 센텀남대로 지하 76,,,,,,,,,,,,,
시립미술관역,부산광역시 해운대구 해운대로 지하 396,,,,,,,,,,,,,
동백역,부산광역시 해운대구 해운대로 지하 522,,,,,,,,,,,,,
해운대역,부산광역시 해운대구 해운대로 지하 626,,,,,,,,,,,,,
중동역,부산광역시 해운대구 해운대로 지하 730,,,,,,,,,,,,,
장산역,부산광역시 해운대구 해운대로 지하 820,,,,,,,,,,,,,
노포역,부산광역시 금정구 중앙대로 2238,,,,,,,,,,,,,
범어사역,부산광역시 금정구 중앙대로 지하 2107,,,,,,,,,,,,,
남산역,부산광역시 금정구 중앙대로 지하 2019-1,,,,,,,,,,,,,
두실역,부산광역시 금정구 중앙대로 지하 1927-1,,,,,,,,,,,,,
구서역,부산광역시 금정구 금정로 233번길 46,,,,,,,,,,,,,
장전역,부산광역시 금정구 장전온천천로 144,,,,,,,,,,,,,
부산대역,부산광역시 금정구 장전온천천로 48,,,,,,,,,,,,,
온천장역,부산광역시 동래구 중앙대로 1520,,,,,,,,,,,,,
명륜역,부산광역시 동래구 중앙대로 1414,,,,,,,,,,,,,
동래역,부산광역시 동래구 중앙대로 1324,,,,,,,,,,,,,
교대역,부산광역시 연제구 중앙대로 지하 1217,,,,,,,,,,,,,
연산역,부산광역시 연제구 중앙대로 지하 1101,,,,,,,,,,,,,
시청역,부산광역시 연제구 중앙대로 지하 1017,,,,,,,,,,,,,
양정역,부산광역시 부산진구 중앙대로 지하 930,,,,,,,,,,,,,
부전역,부산광역시 부산진구 중앙대로 지하 786,,,,,,,,,,,,,
서면역(1호선),부산광역시 부산진구 중앙대로 지하 730,,,,,,,,,,,,,
범내골역,부산광역시 부산진구 중앙대로 지하 612,,,,,,,,,,,,,
범일역,부산광역시 동구 범일로 지하 108,,,,,,,,,,,,,
좌천역,부산광역시 동구 중앙대로 지하 446,,,,,,,,,,,,,
부산진역,부산광역시 동구 중앙대로 지하 350,,,,,,,,,,,,,
초량역,부산광역시 동구 중앙대로 지하 264,,,,,,,,,,,,,
부산역,부산광역시 동구 중앙대로 지하 200,,,,,,,,,,,,,
중앙역,부산광역시 중구 중앙대로 지하 83,,,,,,,,,,,,,
남포역,부산광역시 중구 구덕로 지하 12,,,,,,,,,,,,,
자갈치역,부산광역시 중구 구덕로 지하 80,,,,,,,,,,,,,
토성역,부산광역시 서구 구덕로 지하 170,,,,,,,,,,,,,
동대신역,부산광역시 서구 구덕로 지하 290,,,,,,,,,,,,,
서대신역,부산광역시 서구 대영로 지하 1,,,,,,,,,,,,,
대티역,부산광역시 사하구 낙동대로 지하 141,,,,,,,,,,,,,
괴정역,부산광역시 사하구 낙동대로 지하 221,,,,,,,,,,,,,
사하역,부산광역시 사하구 낙동대로 지하 309,,,,,,,,,,,,,
당리역,부산광역시 사하구 낙동대로 지하 405,,,,,,,,,,,,,
하단역,부산광역시 사하구 낙동남로 지하 1415,,,,,,,,,,,,,
신평역,부산광역시 사하구 하신번영로 140,,,,,,,,,,,,,
동매역,부산광역시 사하구 신산로 지하 168,,,,,,,,,,,,,
장림역,부산광역시 사하구 다대로 지하 230,,,,,,,,,,,,,
신장림역,부산광역시 사하구 다대로 지하 310,,,,,,,,,,,,,
낫개역,부산광역시 사하구 다대로 지하 422,,,,,,,,,,,,,
다대포항역,부산광역시 사하구 다대로 지하 548,,,,,,,,,,,,,
다대포해수욕장,부산광역시 사하구 다대로 지하 692,,,,,,,,,,,,,
부산원동역,부산시 동래구 안락동 52-2,,,,,,,,,,,,,
임진강역,경기도 파주시 문산읍 임진각로 115(문산읍),,,,,,,,,,,,,
서울역(경의선),서울시 용산구 한강대로 405,,,,,,,,,,,,,
신촌역,서울특별시 서대문구 대현동 74-12,,,,,,,,,,,,,
가좌역,서울시 서대문구 수색로 27(남가좌동),,,,,,,,,,,,,
효창공원앞역,서울시 용산구 용문동 5-133,,,,,,,,,,,,,
공덕역,서울시 마포구 공덕동 마포대로 자하100,,,,,,,,,,,,,
서강대역,서울시 마포구 서강로 지하118,,,,,,,,,,,,,
홍대입구역,서울시 마포구 양화로 지하 188,,,,,,,,,,,,,
디지털미디어시티역,서울시 은평구 수색로 193(수색동 37-2),,,,,,,,,,,,,
수색역,서울시 은평구 수색로 261-1,,,,,,,,,,,,,
화전역,경기도 고양시 덕양구 화랑로 53(화전동 183-10),,,,,,,,,,,,,
강매역,경기도 고양시 덕양구 행신동 108-5,,,,,,,,,,,,,
행신역,경기도 고양시 덕양구 행신동 충경로 124번지(행신2동 812),,,,,,,,,,,,,
능곡역,경기도 고양시 덕양구 토당로 35(토당동 454-3),,,,,,,,,,,,,
곡산역,경기도 고양시 일산동구 경의로 160(백석동),,,,,,,,,,,,,
백마역,경기도 고양시 일산동구 경의로 318(풍동 482-8),,,,,,,,,,,,,
풍산역,경기도 고양시 일산동구 경의로 486(풍동),,,,,,,,,,,,,
일산역,경기도 고양시 일산서구 경의로 672,,,,,,,,,,,,,
탄현역,경기도 고양시 일산서구 경의로 856(덕이동),,,,,,,,,,,,,
야당역,경기도 파주시 야당동 836번지,,,,,,,,,,,,,
왕십리역,서울시 성동구 왕십리 광장로 17(행당동),,,,,,,,,,,,,
청량리역,서울시 동대문구 왕산로 214,,,,,,,,,,,,,
회기역,서울시 동대문구 회기로196(휘경동 317-101),,,,,,,,,,,,,
외대앞역,서울시 동대문구 휘경로 27(이문동 360-5),,,,,,,,,,,,,
신이문역,서울시 동대문구 한천로 472(이문로 7),,,,,,,,,,,,,
석계역,서울시 노원구 화랑로 314(월계동 36-4),,,,,,,,,,,,,
광운대역,서울시 노원구 석계로 98-2(광운대역),,,,,,,,,,,,,
월계역,서울시 노원구 월계로 53길 40(월계2동 261),,,,,,,,,,,,,
녹천역,서울시 도봉구 덕릉로 376(창동),,,,,,,,,,,,,
창동역,서울시 도봉구 마들로 11길 77(창1동 135-86),,,,,,,,,,,,,
방학역,서울시 도봉구 도봉로 150다길 3,,,,,,,,,,,,,
도봉역,서울시 도봉구 도봉로 170길 2,,,,,,,,,,,,,
도봉산역,서울시 도봉구 도봉로 964-33,,,,,,,,,,,,,
망월사역,경기도 의정부시 회룡로 111(호원동),,,,,,,,,,,,,
회룡역,경기도 의정부시 평화로 363,,,,,,,,,,,,,
의정부역,경기도 의정부시 평화로 525,,,,,,,,,,,,,
가능역,경기도 의정부시 평화로 633,,,,,,,,,,,,,
녹양역,경기도 의정부시 평화로 757(녹양동 973),,,,,,,,,,,,,
양주역,경기도 양주시 평화로 919(남방동 94-1),,,,,,,,,,,,,
덕계역,경기도 양주시 고덕로 139번길 317번지,,,,,,,,,,,,,
덕정역,경기도 양주시 화합로 1356,,,,,,,,,,,,,
지행역,경기도 동두천시 평화로 2285(지행동),,,,,,,,,,,,,
동두천중앙역,경기도 동두천시 동두천로 228(생연동 682),,,,,,,,,,,,,
보산역,경기도 동두천시 평화로 2539(보산동),,,,,,,,,,,,,
동두천역,경기도 동두천시 평화로 2687(동두천동 245-210),,,,,,,,,,,,,
소요산역,경기도 동두천시 평화로 2925(상봉암동 126),,,,,,,,,,,,,
중랑역,서울특별시 중랑구 중화동 321-37,,,,,,,,,,,,,
상봉역,서울시 중랑구 망우로 297(상봉1동 100-9번지),,,,,,,,,,,,,
망우역,서울시 중랑구 망우로 55길 11-10,,,,,,,,,,,,,
양원역,서울시 중랑구 송림길 147(망우동),,,,,,,,,,,,,
지평역,경기도 양평군 지평면 지평역길 32,,,,,,,,,,,,,
구리역,경기도 구리시 건원대로 34번길 32-29(인창동 244-2),,,,,,,,,,,,,
도농역,경기도 남양주시 경춘로 433(도농동 56-1),,,,,,,,,,,,,
양정역,경기도 남양주시 경강로 237(이패동 398-32),,,,,,,,,,,,,
덕소역,경기도 남양주시 와부읍 덕서로 56(덕소리 590-17),,,,,,,,,,,,,
도심역,경기도 남양주시 와부읍 덕소로 237(도곡리 1024-2),,,,,,,,,,,,,
팔당역,경기도 남양주시 와부읍 팔당로 107번길,,,,,,,,,,,,,
운길산역,경기도 남양주시 조안면 진중리 255-1,,,,,,,,,,,,,
양수역,경기도 양평군 양서면 목왕로 55-10,,,,,,,,,,,,,
신원역,경기도 양평군 양서면 신원역길 5-3,,,,,,,,,,,,,
국수역,경기도 양평군 양서면 국수역길 45,,,,,,,,,,,,,
아신역,경기도 양평군 옥천면 아신역길 1길 23-3,,,,,,,,,,,,,
오빈역,경기도 양평군 양평읍 덕바위길 29번길,,,,,,,,,,,,,
양평역,경기도 양평군 양평읍 양근리 137,,,,,,,,,,,,,
원덕역,경기도 양평군 양평읍 원덕흑천길 136,,,,,,,,,,,,,
용문역,경기도 양평군 용문면 용문역길 18,,,,,,,,,,,,,
서울숲역,서울시 성동구 왕십리로 지하 77,,,,,,,,,,,,,
압구정로데오역,서울시 강남구 압구정동 495(강남구 압구정로 지하 402),,,,,,,,,,,,,
강남구청역,서울시 강남구 학동로 지하 364,,,,,,,,,,,,,
선정릉역,서울시 강남구 선릉로 지하 580(삼성동),,,,,,,,,,,,,
선릉역,서울시 강남구 테헤란로 지하 340,,,,,,,,,,,,,
한티역,서울시 강남구 선릉로 지하 228,,,,,,,,,,,,,
도곡역,서울시 강남구 남부순환로 지하 2814,,,,,,,,,,,,,
구룡역,서울시 강남구 개포동 175번지,,,,,,,,,,,,,
개포동역,서울시 강남구 개포동 지하 420(개포동),,,,,,,,,,,,,
대모산입구역,서울시 강남구 일원동 611번지,,,,,,,,,,,,,
수서역,서울시 강남구 광평로 지하 270(수서동),,,,,,,,,,,,,
복정역,경기도 성남시 수정구 복정로 4,,,,,,,,,,,,,
가천대역,경기도 성남시 수정구 태평1동 5113-9,,,,,,,,,,,,,
태평역,경기도 성남시 수정구 성남대로 지하 1229번지,,,,,,,,,,,,,
모란역,경기도 성남시 중원구 성남대로 지하 1147(성남동 1575),,,,,,,,,,,,,
야탑역,경기도 성남시 성남대로 지하 903(야탑동 688-1),,,,,,,,,,,,,
이매역,경기도 성남시 성남대로 지하 738,,,,,,,,,,,,,
서현역,경기도 성남시 분당구 성남대로 지하 601,,,,,,,,,,,,,
수내역,경기도 성남시 분당구 성남대로 지하 491(수내동),,,,,,,,,,,,,
정자역,경기도 성남시 분당구 성남대로 지하 333(정자동),,,,,,,,,,,,,
미금역,경기도 성남시 수정구 성남대로 지하 156,,,,,,,,,,,,,
오리역,경기도 성남시 분당구 성남대로 지하 55(구미동 795),,,,,,,,,,,,,
죽전역,경기도 용인시 수지구 포은대로 536(죽전동 1014),,,,,,,,,,,,,
보정역,경기도 용인시 수지구 포은대로 536(죽전동 1014),,,,,,,,,,,,,
구성역,경기도 용인시 기흥구 용구대로 2403,,,,,,,,,,,,,
신갈역,경기도 용인시 기흥구 기흥로 136,,,,,,,,,,,,,
기흥역,경기도 용인시 중부대로 460,,,,,,,,,,,,,
상갈역,경기도 용인시 기흥구 금화로 지하 40,,,,,,,,,,,,,
청명역,경기도 수원시 영통구 봉영로 지하 1670,,,,,,,,,,,,,
영통역,경기도 수원시 영통구 봉영로 지하 1560,,,,,,,,,,,,,
망포역,경기도 수원시 영통구 봉영로 지하 1520,,,,,,,,,,,,,
매탄권선역,경기도 수원시 권선구 권선동 1308번지,,,,,,,,,,,,,
수원시청역,경기도 수원시 권선구 권선동 1122,,,,,,,,,,,,,
매교역,경기도 수원시 팔달구 매교동 173-22,,,,,,,,,,,,,
신내역,서울시 중랑구 망우동 320,,,,,,,,,,,,,
갈매역,경기도 구리시 갈매동 경춘북로 229(갈매동 502-18),,,,,,,,,,,,,
별내역,경기도 남양주시 별내동 182-5,,,,,,,,,,,,,
퇴계원역,경기도 남양주시 퇴계원면 경춘북로 545(퇴계원리 218-8),,,,,,,,,,,,,
사릉역,경기도 남양주시 진건읍 진건우회로 72-8(사능리 590-2),,,,,,,,,,,,,
금곡역,경기도 남양주시 경춘로 903(금곡동 404-276),,,,,,,,,,,,,
평내호평역,경기도 남양주시 경춘로 1375(평내동 156),,,,,,,,,,,,,
천마산역,경기도 남양주시 화도읍 묵현리 320-25,,,,,,,,,,,,,
마석역,경기도 남양주시 화도읍 마석중앙로 83-14(마석우리 222-2),,,,,,,,,,,,,
대성리역,경기도 가평군 청평면 경춘로 88(대성리 393),,,,,,,,,,,,,
청평역,경기도 가평군 청평면 청평역로 97-33(청평리 125-1),,,,,,,,,,,,,
상천역,경기도 가평군 청평면 상천역로 29(상천리 1261),,,,,,,,,,,,,
가평역,경기도 가평군 가평읍 문화로 13-42(달전리 567),,,,,,,,,,,,,
굴봉산역,강원도 춘천시 남산면 서백길 192(백양리 588-30),,,,,,,,,,,,,
백양리역,강원도 춘천시 남산면 북한강변길 690(강촌리 680-7),,,,,,,,,,,,,
강촌역,강원도 춘춘시 남산면 강촌로 150(방곡리 409),,,,,,,,,,,,,
김유정역,강원도 춘천시 신동면 김유정로 1435(신동면 증리 859-3),,,,,,,,,,,,,
남춘천역,강원도 춘천시 영서로 2260(퇴계동 633-2),,,,,,,,,,,,,
춘천역,강원도 춘천시 평화로 1(근화동 190),,,,,,,,,,,,,
판교역,경기도 성남시 분당구 백현동 19-2,,,,,,,,,,,,,
삼동역,경기도 광주시 중대동 304,,,,,,,,,,,,,
경기광주역,경기도 광주시 역동 176-13,,,,,,,,,,,,,
초월역,경기도 광주시 초월읍 쌍동리 213-15,,,,,,,,,,,,,
곤지암역,경기도 광주시 곤지암읍 곤지암리 353-1,,,,,,,,,,,,,
신둔도예촌역,경기도 이천시 신둔면 남정리 375-4,,,,,,,,,,,,,
수원역,경기도 수원시 팔달구 덕영대로 924,,,,,,,,,,,,,
세류역,경기도 수원시 권선구 정조로 387,,,,,,,,,,,,,
병점역,경기도 화성시 떡전골로 97,,,,,,,,,,,,,
서동탄역,경기도 오산시 외삼미로 15번길 75-60,,,,,,,,,,,,,
세마역,경기도 오산시 세마역로 88,,,,,,,,,,,,,
오산대역,경기도 오산시 청학로 236,,,,,,,,,,,,,
오산역,경기도 오산시 오산동 역광장로 59,,,,,,,,,,,,,
진위역,경기도 평택시 경기대로 1855,,,,,,,,,,,,,
송탄역,경기도 평택시 신장동 송탄공원로 43,,,,,,,,,,,,,
지제역,경기도 평택시 경기대로 777,,,,,,,,,,,,,
서정리역,경기도 평택시 탄현로 51,,,,,,,,,,,,,
평택역,경기도 평택시 평택로 51,,,,,,,,,,,,,
구일역,서울시 구로구 구일로 133,,,,,,,,,,,,,
개봉역,서울시 구로구 경인로 40길 47,,,,,,,,,,,,,
오류동역,서울시 구로구 경인로 20길 13,,,,,,,,,,,,,
온수역,서울시 구로구 부일로 872,,,,,,,,,,,,,
역곡역,경기도 부천시 원미구 역곡로 1(역곡동),,,,,,,,,,,,,
소사역,경기도 부천시 소사구 경인로 363,,,,,,,,,,,,,
부천역,경기도 부천시 소사구 부천로 1,,,,,,,,,,,,,
중동역,경기도 부천시 소사구 중동로 73,,,,,,,,,,,,,
송내역,경기도 부천시 소사구 송내대로 43,,,,,,,,,,,,,
부개역,인천시 부평구 수변로 22,,,,,,,,,,,,,
부평역,인천시 부평구 광장로 16,,,,,,,,,,,,,
백운역,인천시 부평구 마장로 55번길 14,,,,,,,,,,,,,
동암역,인천시 부평구 동암광장로 10,,,,,,,,,,,,,
간석역,인천시 남동구 석정로 522-14,,,,,,,,,,,,,
주안역,인천시 남구 주안로 95-19,,,,,,,,,,,,,
도화역,인천시 남구 숙골로 24번길 9,,,,,,,,,,,,,
명학역,경기도 안양시 만안구 만안로 20,,,,,,,,,,,,,
제물포역,인천시 남구 경인로 129,,,,,,,,,,,,,
도원역,인천시 동구 참외전로 245,,,,,,,,,,,,,
동인천역,인천시 중구 참외전로 119,,,,,,,,,,,,,
인천역,인천시 중구 제물량로 269,,,,,,,,,,,,,
선바위역,경기도 과천시 중앙로 440,,,,,,,,,,,,,
경마공원역,경기도 과천시 경마공원대로 105,,,,,,,,,,,,,
대공원역,경기도 과천시 대공원로 50,,,,,,,,,,,,,
과천역,경기도 과천시 별양로 지하 177,,,,,,,,,,,,,
정부과천청사역,경기도 과천시 중앙로 지하 100,,,,,,,,,,,,,
이천역,경기도 이천시 율현동 435,,,,,,,,,,,,,
부발역,경기도 이천시 부발읍 아미리 505-7,,,,,,,,,,,,,
세종대왕릉역,경기도 여주시 능서면 신지리 275,,,,,,,,,,,,,
여주역,경기도 여주시 교동 403-1,,,,,,,,,,,,,
성환역,충남 천안시 서북구 성환읍 성롼1로 237-5(성환리 449-128),,,,,,,,,,,,,
직산역,충남 천안시 서북구 직산읍 천안대로 1471-33,,,,,,,,,,,,,
두정역,충남 천안시 서북구 두정로 289(두정동 84-1),,,,,,,,,,,,,
천안역,충남 천안시 동남구 대흥로 239(대흥동 57-1),,,,,,,,,,,,,
봉명역,충남 천안시 동남구 차돌로 51(봉명동 20-2),,,,,,,,,,,,,
쌍용(나사렛대)역,충청남도 천안시 서북구 쌍용2동 426-3,,,,,,,,,,,,,
아산역,충남 아산시 배방읍 희망로 90(장재리 325-3),,,,,,,,,,,,,
배방역,충남 아산시 배방읍 온천대로 1967,,,,,,,,,,,,,
온양온천역,충남 아산시 온천대로 1496(온천동 56-9),,,,,,,,,,,,,
신창(순천향대)역,충남 아산시 신창면 행목로 50,,,,,,,,,,,,,
부전역,부산광역시 부산진구 부전동 280-76,,,,,,,,,,,,,
거제해맞이역,부산광역시 연제구 거제동 619-1,,,,,,,,,,,,,
거제역,부산광역시 연제구 거제동 619-1,,,,,,,,,,,,,
교대역,부산광역시 연제구 거제동 42-3,,,,,,,,,,,,,
동래역,부산광역시 동래구 낙민동 130-4,,,,,,,,,,,,,
안락역,부산광역시 동래구 안락동 201-2,,,,,,,,,,,,,
재송역,부산광역시 해운대구 재송동 933-1,,,,,,,,,,,,,
센텀역,부산광역시 해운대구 우동 1215-32,,,,,,,,,,,,,
벡스코역,부산광역시 해운대구 우동 1111-2,,,,,,,,,,,,,
신해운대역,부산광역시 해운대구 좌동 138-4,,,,,,,,,,,,,
송정역,부산광역시 해운대구 송정동 299-2,,,,,,,,,,,,,
오시리아역,부산광역시 기장군 기장읍 당사리 261,,,,,,,,,,,,,
기장역,부산광역시 기장군 기장읍 청강리 25-16,,,,,,,,,,,,,
일광역,부산광역시 기장군 일광면 이천리 750-4,,,,,,,,,,,,,
광명역,경기도 광명시 광명역로 21,,,,,,,,,,,,,
석수역,경기도 안양시 만안구 경수대로 1431,,,,,,,,,,,,,
관악역,경기도 안양시 만안구 경수대로 1273번길 46,,,,,,,,,,,,,
안양역,경기도 안양시 만안구 만안로 232,,,,,,,,,,,,,
운정역,경기도 파주시 운정역길 368(야당동 299-4번지),,,,,,,,,,,,,
금릉역,경기도 파주시 금촌동 금릉로 129,,,,,,,,,,,,,
금촌역,경기도 파주시 새꽃로 193,,,,,,,,,,,,,
월롱역,경기도 파주시 월롱면 통일로 980,,,,,,,,,,,,,
파주역,경기도 파주시 파주읍 주라위길 38,,,,,,,,,,,,,
문산역,경기도 파주시 문산읍 문산역로 94,,,,,,,,,,,,,
남영역,서울시 용산구 한강대로 77길 25(갈월동),,,,,,,,,,,,,
용산역,서울시 용산구 한강대로 23길 55(한강로 3가 40-999),,,,,,,,,,,,,
지축역,경기도 고양시 덕양구 삼송로 300(지축동),,,,,,,,,,,,,
삼송역,경기도 고양시 덕양구 삼송로 205번길(삼송동 20-14),,,,,,,,,,,,,
원흥역,경기도 고양시 덕양구 원흥동 569-15,,,,,,,,,,,,,
원당역,경기도 고양시 덕양구 덕양대로 1429(성사1동 4100-7),,,,,,,,,,,,,
화정역,경기도 고양시 덕양구 화정동 400-2,,,,,,,,,,,,,
대곡역,경기도 고양시 덕양구 대주로 107번길 71-81(대장동 420-1),,,,,,,,,,,,,
백석역,경기도 고양시 일산동구 중앙로 1042,,,,,,,,,,,,,
마두역,경기도 고양시 일산동구 중앙로 지하 1180(마두동),,,,,,,,,,,,,
정발산역,경기도 고양시 일산동구 마두 1동 1123(일산동구 중앙로 1270),,,,,,,,,,,,,
주엽역,경기도 고양시 일산서구 중앙로 1432(주엽동 166-7),,,,,,,,,,,,,
대화역,경기도 고양시 일산서구 중앙로 1569(대화동 2221),,,,,,,,,,,,,
이촌역,서울시 용산구 이촌로 71길 42,,,,,,,,,,,,,
서빙고역,서울시 용산구 서빙고로 238(서빙고동 241-11),,,,,,,,,,,,,
한남역,서울시 용산구 독서당로6길 12-13(한남동),,,,,,,,,,,,,
노량진역,서울시 동작구 노량진로 151,,,,,,,,,,,,,
대방역,서울시 영등포구 여의대방로 300,,,,,,,,,,,,,
신길역,서울시 영등포구 영등포로 327,,,,,,,,,,,,,
영등포역,서울시 영등포구 경인로 846(영등포동 1가 618-496),,,,,,,,,,,,,
신도림역,서울시 구로구 새말로 117-21,,,,,,,,,,,,,
구로역,서울시 구로구 구로중앙로 174,,,,,,,,,,,,,
가산디지털단지역,서울시 금천구 벚꽃로 309,,,,,,,,,,,,,
독산역,서울시 금천구 벚꽃로 115,,,,,,,,,,,,,
금천구청역,서울시 금천구 시흥대로 63길 91,,,,,,,,,,,,,
금정역,경기도 군포시 군포로 750,,,,,,,,,,,,,
군포역,경기도 군포시 군포역1길 27,,,,,,,,,,,,,
당정역,경기도 군포시 당정역로 91,,,,,,,,,,,,,
의왕역,경기도 의왕시 철도박물관로 66(삼동),,,,,,,,,,,,,
성균관대역,경기도 수원시 장안구 서부로 2149,,,,,,,,,,,,,
화서역,경기도 수원시 팔달구 덕영대로 692,,,,,,,,,,,,,
수원(분당)역,경기도 수원시 팔달구 덕영대로 924,,,,,,,,,,,,,
인덕원역,경기도 안양시 동안구 흥안대로 529,,,,,,,,,,,,,
평촌역,경기도 안양시 동안구 부림로 지하 123,,,,,,,,,,,,,
범계역,경기도 안양시 동안구 동안로 지하 130,,,,,,,,,,,,,
산본역,경기도 군포시 번영로 504,,,,,,,,,,,,,
수리산역,경기도 군포시 번영로 385,,,,,,,,,,,,,
대야미역,경기도 군포시 대야1로 28,,,,,,,,,,,,,
반월역,경기도 안산시 상록구 건건로 119-10,,,,,,,,,,,,,
상록수역,경기도 안산시 상록구 상록수로 61,,,,,,,,,,,,,
중앙역,경기도 안산시 단원구 중앙대로 918,,,,,,,,,,,,,
한대앞역,경기도 안산시 상록구 충장로 337,,,,,,,,,,,,,
고잔역,경기도 안산시 단원구 중앙대로 784,,,,,,,,,,,,,
초지역,경기도 안산시 단원구 중앙대로 620,,,,,,,,,,,,,
안산역,경기도 안산시 단원구 중앙대로 462,,,,,,,,,,,,,
신길온천역,경기도 안산시 단원구 황고개로 2,,,,,,,,,,,,,
정왕역,경기도 시흥시 마유로 418길 15,,,,,,,,,,,,,
오이도역,경기도 시흥시 역전로 430,,,,,,,,,,,,,
고색,경기도 수원시 권선구 매송고색로 지하690(고색동),,,,,,,,,,,,,
오목천,경기도 수원시 권선구 삼천병마로 1576(오목천동),,,,,,,,,,,,,
어천,경기도 화성시 매송면 화성로 2227-5(어천리),,,,,,,,,,,,,
야목,경기도 화성시 매송면 본오매송로 286(야목리),,,,,,,,,,,,,
사리,경기도 안산시 상록구 충장로 93(사동),,,,,,,,,,,,,
한대앞,경기도 안산시 상록구 충장로 337,,,,,,,,,,,,,
중앙,경기도 안산시 단원구 중앙대로 918,,,,,,,,,,,,,
고잔,경기도 안산시 상록구 충장로 337,,,,,,,,,,,,,
초지,경기도 안산시 단원구 중앙대로 784,,,,,,,,,,,,,
안산,경기도 안산시 단원구 중앙대로 620,,,,,,,,,,,,,
신길온천,경기도 안산시 단원구 중앙대로 462,,,,,,,,,,,,,
정왕,경기도 안산시 단원구 황고개로 2,,,,,,,,,,,,,
오이도,경기도 시흥시 역전로 430,,,,,,,,,,,,,
달월역,경기도 시흥시 서해안로 736번길 55(월곶동),,,,,,,,,,,,,
월곶역,경기도 시흥시 월곶 중앙로 14번길,,,,,,,,,,,,,
소래포구역,인천시 남동구 소래역로 51,,,,,,,,,,,,,
인천논현역,인천시 남동구 청능대로 567,,,,,,,,,,,,,
호구포역,인천시 남동구 호구포로 205,,,,,,,,,,,,,
남동인더스파크역,인천광역시 남동구 고잔동 970-14,,,,,,,,,,,,,
원인재역,인천시 연수구 벚꽃로 195,,,,,,,,,,,,,
연수역,인천시 연수구 벚꽃로 115,,,,,,,,,,,,,
송도역,인천시 연수구 비류대로 175(옥련동),,,,,,,,,,,,,
인하대역,인천시 남구 용현동 294-3,,,,,,,,,,,,,
숭의역,인천시 남구 인주대로 지하6,,,,,,,,,,,,,
신포역,인천시 중구 사동 26-19,,,,,,,,,,,,,
옥수역,서울시 성동구 동호로 지하21(옥수동),,,,,,,,,,,,,
응봉역,서울시 성동구 고산자로 123(응봉동),,,,,,,,,,,,,
인천,인천시 중구 제물량로 269,,,,,,,,,,,,,
설화명곡,대구광역시 달성군 화원읍 비슬로 2476,,,,,,,,,,,,,
화원,대구광역시 달성군 화원읍 비슬로 지하2600,,,,,,,,,,,,,
대곡,대구광역시 달서구 비슬로 지하2718 (대곡동),,,,,,,,,,,,,
진천,대구광역시 달서구 월배로 지하76 (진천동),,,,,,,,,,,,,
월배,대구광역시 달서구 월배로 지하143 (진천동),,,,,,,,,,,,,
상인,대구광역시 달서구 월배로 지하223 (상인동),,,,,,,,,,,,,
월촌,대구광역시 달서구 월배로 지하311 (송현동),,,,,,,,,,,,,
송현,대구광역시 달서구 월배로 지하412 (송현동),,,,,,,,,,,,,
성당못,대구광역시 남구 월배로 지하501 (대명동),,,,,,,,,,,,,
대명,대구광역시 남구 대명로 지하71 (대명동),,,,,,,,,,,,,
안지랑,대구광역시 남구 대명로 지하141 (대명동),,,,,,,,,,,,,
현충로,대구광역시 남구 대명로 지하222 (대명동),,,,,,,,,,,,,
영대병원,대구광역시 남구 대명로 지하292 (대명동),,,,,,,,,,,,,
교대,대구광역시 남구 중앙대로 지하194 (대명동),,,,,,,,,,,,,
명덕,대구광역시 중구 명덕로 지하185 (남산동),,,,,,,,,,,,,
반월당,대구광역시 중구 달구벌대로 지하2100 (덕산동),,,,,,,,,,,,,
중앙로,대구광역시 중구 중앙대로 지하424 (남일동),,,,,,,,,,,,,
대구,대구광역시 북구 칠성남로30길 지하24 (칠성동),,,,,,,,,,,,,
칠성시장,대구광역시 북구 칠성남로 지하222 (칠성동),,,,,,,,,,,,,
신천,대구광역시 동구 동부로 지하41 (신천동),,,,,,,,,,,,,
동대구,대구광역시 동구 동대구로 지하530 (신천동),,,,,,,,,,,,,
동구청,대구광역시 동구 신암남로 지하169 (신암동),,,,,,,,,,,,,
아양교,대구광역시 동구 아양로 지하245 (신암동),,,,,,,,,,,,,
동촌,대구광역시 동구 해동로 지하197 (검사동),,,,,,,,,,,,,
해안,대구광역시 동구 동촌로 지하167 (방촌동),,,,,,,,,,,,,
방촌,대구광역시 동구 동촌로 지하275 (방촌동),,,,,,,,,,,,,
용계,대구광역시 동구 동촌로 지하383 (용계동),,,,,,,,,,,,,
율하,대구광역시 동구 안심로 지하57 (율하동),,,,,,,,,,,,,
신기,대구광역시 동구 안심로 지하159 (신기동),,,,,,,,,,,,,
반야월,대구광역시 동구 안심로 지하261 (동호동),,,,,,,,,,,,,
각산,대구광역시 동구 안심로 지하363 (신서동),,,,,,,,,,,,,
안심,대구광역시 동구 안심로 지하455 (괴전동),,,,,,,,,,,,,
문양,대구광역시 달성군 다사읍 문양길 71,,,,,,,,,,,,,
다사,대구광역시 달성군 다사읍 다사로지하30,,,,,,,,,,,,,
대실,대구광역시 달성군 다사읍 달구벌대로지하888,,,,,,,,,,,,,
강창,대구광역시 달서구 달구벌대로 지하1014 (호산동),,,,,,,,,,,,,
계명대,대구광역시 달서구 달구벌대로 지하1140 (신당동),,,,,,,,,,,,,
만 평,대구광역시 북구 팔달로 105(노원동3가),,,,,,,,,,,,,
성서산업단지,대구광역시 달서구 달구벌대로 지하1280 (이곡동),,,,,,,,,,,,,
이곡,대구광역시 달서구 달구벌대로 지하1357 (이곡동),,,,,,,,,,,,,
용산,대구광역시 달서구 달구벌대로 지하1476 (용산동),,,,,,,,,,,,,
죽전,대구광역시 달서구 달구벌대로 지하1560 (죽전동),,,,,,,,,,,,,
감삼,대구광역시 달서구 달구벌대로 지하1665 (감삼동),,,,,,,,,,,,,
두류,대구광역시 달서구 달구벌대로 지하1760 (두류동),,,,,,,,,,,,,
내당,대구광역시 달서구 달구벌대로 지하1900 (두류동),,,,,,,,,,,,,
반고개,대구광역시 서구 달구벌대로 지하1827 (내당동),,,,,,,,,,,,,
청라언덕,대구광역시 중구 달구벌대로 지하2000 (동산동),,,,,,,,,,,,,
반월당,대구광역시 중구 달구벌대로 지하2100 (덕산동),,,,,,,,,,,,,
경대병원,대구광역시 중구 달구벌대로 지하2190 (삼덕동),,,,,,,,,,,,,
대구은행,대구광역시 수성구 달구벌대로 지하2300 (수성동),,,,,,,,,,,,,
범어,대구광역시 수성구 달구벌대로 지하2396 (범어동),,,,,,,,,,,,,
수성구청,대구광역시 수성구 달구벌대로 지하2500 (범어동),,,,,,,,,,,,,
만촌,대구광역시 수성구 달구벌대로 지하2584 (만촌동),,,,,,,,,,,,,
담티,대구광역시 수성구 달구벌대로 지하2672 (만촌동),,,,,,,,,,,,,
연호,대구광역시 수성구 달구벌대로 지하2870 (연호동),,,,,,,,,,,,,
대공원,대구광역시 수성구 달구벌대로 지하2950 (연호동),,,,,,,,,,,,,
고산,대구광역시 수성구 달구벌대로 지하3080 (시지동),,,,,,,,,,,,,
신매,대구광역시 수성구 달구벌대로 지하3180 (매호동),,,,,,,,,,,,,
사월,대구광역시 수성구 달구벌대로 지하3290 (신매동),,,,,,,,,,,,,
정평,경상북도 경산시 대학로 지하60(정평동),,,,,,,,,,,,,
임당,경상북도 경산시 대학로 지하170(중방동),,,,,,,,,,,,,
영남대,경상북도 경산시 대학로 지하270(대동),,,,,,,,,,,,,
칠곡경대병원,대구광역시 북구 팔거천동로 386(동호동),,,,,,,,,,,,,
학 정,대구광역시 북구 팔거천동로 310(학정동),,,,,,,,,,,,,
팔 거,대구광역시 북구 팔거천동로 226(동천동),,,,,,,,,,,,,
동 천,대구광역시 북구 팔거천동로 147(동천동),,,,,,,,,,,,,
칠곡운암,대구광역시 북구 팔거천동로 79(구암동),,,,,,,,,,,,,
구 암,대구광역시 북구 팔거천동로 1(구암동),,,,,,,,,,,,,
태 전,대구광역시 북구 칠곡중앙대로 262(태전동),,,,,,,,,,,,,
매 천,대구광역시 북구 학정로 6(매천동),,,,,,,,,,,,,
매천시장,대구광역시 북구 매천로 18길 39(매천동),,,,,,,,,,,,,
팔 달,대구광역시 북구 매천로2길 43(팔달동),,,,,,,,,,,,,
공 단,대구광역시 북구 팔달로 28(비산동),,,,,,,,,,,,,
팔달시장,대구광역시 북구 팔달로 163-1(노원동3가),,,,,,,,,,,,,
원 대,대구광역시 서구 팔달로 224-2(원대동3가),,,,,,,,,,,,,
북구청,대구광역시 서구 원대로 71(원대동2가),,,,,,,,,,,,,
달성공원,대구광역시 중구 달성로 116(수창동),,,,,,,,,,,,,
서문시장,대구광역시 중구 달성로 50(대신동),,,,,,,,,,,,,
청라언덕,대구광역시 중구 남산로 80(남산동),,,,,,,,,,,,,
남 산,대구광역시 중구 남산로 2(남산동),,,,,,,,,,,,,
명 덕,대구광역시 남구 명덕로 186(대명동),,,,,,,,,,,,,
건들바위,대구광역시 남구 명덕로 260(이천동),,,,,,,,,,,,,
대봉교,대구광역시 남구 명덕로 330(이천동),,,,,,,,,,,,,
수성시장,대구광역시 수성구 명덕로 420(수성동2가),,,,,,,,,,,,,
수성구민운동장,대구광역시 수성구 동대구로 248(범어동),,,,,,,,,,,,,
어린이회관,대구광역시 수성구 동대구로 166(황금동),,,,,,,,,,,,,
황 금,대구광역시 수성구 동대구로 100(두산동),,,,,,,,,,,,,
수성못,대구광역시 수성구 동대구로 14(지산동),,,,,,,,,,,,,
지 산,대구광역시 수성구 지범로 100(지산동),,,,,,,,,,,,,
범 물,대구광역시 수성구 지범로 194(범물동),,,,,,,,,,,,,
용 지,대구광역시 수성구 범안로 83(범물동),,,,,,,,,,,,,
계양,인천광역시 계양구 다남로 24,,,,,,,,,,,,,
귤현,인천광역시 계양구 장제로 1136,,,,,,,,,,,,,
박촌,인천광역시 계양구 장제로 992,,,,,,,,,,,,,
임학,인천광역시 계양구 장제로 875,,,,,,,,,,,,,
계산,인천광역시 계양구 경명대로 1089,,,,,,,,,,,,,
경인교대입구,인천광역시 계양구 계양대로 162,,,,,,,,,,,,,
작전,인천광역시 계양구 게양대로 73,,,,,,,,,,,,,
갈산,인천광역시 부평구 부평대로 286,,,,,,,,,,,,,
부평구청,인천광역시 부평구 부평대로 189,,,,,,,,,,,,,
부평시장,인천광역시 부평구 부평대로 69,,,,,,,,,,,,,
부평,인천광역시 부평구 광장로 15,,,,,,,,,,,,,
동수,인천광역시 부평구 경인로 877,,,,,,,,,,,,,
부평삼거리,인천광역시 부평구 경인로 765,,,,,,,,,,,,,
간석오거리,인천광역시 남동구 경인로 674,,,,,,,,,,,,,
인천시청,인천광역시 남동구 예술로 264,,,,,,,,,,,,,
예술회관,인천광역시 남동구 예술로 172,,,,,,,,,,,,,
인천터미널,인천광역시 미추홀구 예술로 85,,,,,,,,,,,,,
문학경기장,인천광역시 연수구 예술로 2,,,,,,,,,,,,,
선학,인천광역시 연수구 경원대로 480,,,,,,,,,,,,,
신연수,인천광역시 연수구 경원대로 368,,,,,,,,,,,,,
원인재,인천광역시 연수구 경원대로 285,,,,,,,,,,,,,
동춘,인천광역시 연수구 경원대로 180,,,,,,,,,,,,,
동막,인천광역시 연수구 경원대로 80,,,,,,,,,,,,,
캠퍼스타운,인천광역시 연수구 송도국제대로 66,,,,,,,,,,,,,
테크노파크,인천광역시 연수구 송도국제대로 150,,,,,,,,,,,,,
지식정보단지,인천광역시 연수구 인천타워대로 57,,,,,,,,,,,,,
인천대입구,인천광역시 연수구 인천타워대로 155,,,,,,,,,,,,,
센트럴파크,인천광역시 연수구 인천타워대로 240,,,,,,,,,,,,,
국제업무지구,인천광역시 연수구 인천타워대로 334,,,,,,,,,,,,,
검단오류,인천광역시 서구 검단로 187 (오류동),,,,,,,,,,,,,
왕길,인천광역시 서구 검단로 323 (왕길동),,,,,,,,,,,,,
검단사거리,인천광역시 서구 검단로 473 (왕길동),,,,,,,,,,,,,
마전,인천광역시 서구 완정로 68 (마전동),,,,,,,,,,,,,
완정,인천광역시 서구 원당대로 650 (당하동),,,,,,,,,,,,,
독정,인천광역시 서구 서곶로 760 (백석동),,,,,,,,,,,,,
검암,인천광역시 서구 검바위로 4 (검암동),,,,,,,,,,,,,
검바위,인천광역시 서구 서곶로 492 (검암동),,,,,,,,,,,,,
아시아드경기장,인천광역시 서구 서곶로 382 (연희동),,,,,,,,,,,,,
서구청,인천광역시 서구 서곶로 294 (심곡동),,,,,,,,,,,,,
가정(루원시티),인천광역시 서구 봉오대로 234 (가정동),,,,,,,,,,,,,
가정중앙시장,인천광역시 서구 가남로 400 (가정동),,,,,,,,,,,,,
석남(거북시장),인천광역시 서구 가석로 257 (석남동),,,,,,,,,,,,,
서부여성회관,인천광역시 서구 가석로 169 (석남동),,,,,,,,,,,,,
인천가좌,인천광역시 서구 가석로 67 (가좌동),,,,,,,,,,,,,
가재울,인천광역시 서구 열우물로 252 (가좌동),,,,,,,,,,,,,
주안국가산단,인천광역시 서구 방축로 343 (가좌동),,,,,,,,,,,,,
주안,인천광역시 미추홀구 주안로 지하 91-1 (주안동),,,,,,,,,,,,,
시민공원,인천광역시 미추홀구 경인로 371 (주안동),,,,,,,,,,,,,
석바위시장,인천광역시 미추홀구 구월로 19 (주안동),,,,,,,,,,,,,
인천시청,인천광역시 남동구 구월로 지하 99 (간석동),,,,,,,,,,,,,
석천사거리,인천광역시 남동구 구월로 지하 181 (구월동),,,,,,,,,,,,,
모래내시장,인천광역시 남동구 구월로 지하 255 (구월동),,,,,,,,,,,,,
만수,인천광역시 남동구 구월로 지하 367 (만수동),,,,,,,,,,,,,
남동구청,인천광역시 남동구 인주대로 지하 889 (만수동),,,,,,,,,,,,,
인천대공원,인천광역시 남동구 수인로 3677 (장수동),,,,,,,,,,,,,
운연,인천광역시 남동구 매소홀로 1229 (운연동),,,,,,,,,,,,,
발곡,경기도 의정부시 장곡로 258,,,,,,,,,,,,,
회룡,경기도 의정부시 평화로 363,,,,,,,,,,,,,
범골,경기도 의정부시 신흥로 141,,,,,,,,,,,,,
경전철의정부,경기도 의정부시 신흥로 237,,,,,,,,,,,,,
의정부시청,경기도 의정부시 의정부로 69,,,,,,,,,,,,,
흥선,경기도 의정부시 호국로 1197,,,,,,,,,,,,,
의정부중앙,경기도 의정부시 호국로 1305,,,,,,,,,,,,,
동오,경기도 의정부시 장곡로 471,,,,,,,,,,,,,
새말,경기도 의정부시 장곡로 551,,,,,,,,,,,,,
경기도청북부청사,경기도 의정부시 장곡로 615,,,,,,,,,,,,,
효자,경기도 의정부시 부용로 159-40,,,,,,,,,,,,,
곤제,경기도 의정부시 천보로 173,,,,,,,,,,,,,
어룡,경기도 의정부시 충의로 125,,,,,,,,,,,,,
송산,경기도 의정부시 충의로 59,,,,,,,,,,,,,
탑석,경기도 의정부시 충의로 20,,,,,,,,,,,,,
미사역,경기도 하남시 미사강변동로 지하 90,,,,,,,,,,,,,
하남풍산역,경기도 하남시 덕풍서로 지하 50,,,,,,,,,,,,,
사상역,부산광역시 사상구 광장로 83,,,,,,,,,,,,,
괘법르네시떼역,부산광역시 사상구 광장로 9번,,,,,,,,,,,,,
서부산유통지구역,부산광역시 강서구 유통단지 1로 57번길 7번,,,,,,,,,,,,,
공항역,부산광역시 강서구 공항진입로 165,,,,,,,,,,,,,
덕두역,부산광역시 강서구 경전철로 10,,,,,,,,,,,,,
등구역,부산광역시 강서구 대저2동 3133-7,,,,,,,,,,,,,
대저역,부산광역시 강서구 낙동북로 294,,,,,,,,,,,,,
평강역,부산광역시 강서구 대저1동 1639-1,,,,,,,,,,,,,
대사역,부산광역시 강서구 강동동 110-2,,,,,,,,,,,,,
불암역,경상남도 김해시 김해대로 2787,,,,,,,,,,,,,
지내역,경상남도 김해시 김해대로 2718,,,,,,,,,,,,,
김해대학역,경상남도 김해시 김해대로 2641,,,,,,,,,,,,,
인제대역,경상남도 김해시 김해대로 2515,,,,,,,,,,,,,
김해시청역,경상남도 김해시 김해대로 2408,,,,,,,,,,,,,
부원역,경상남도 김해시 김해대로 2350,,,,,,,,,,,,,
봉황역,경상남도 김해시 김해대로 2249,,,,,,,,,,,,,
수로왕릉역,경상남도 김해시 김해대로 2181,,,,,,,,,,,,,
박물관역,경상남도 김해시 김해대로 2103,,,,,,,,,,,,,
연지공원역,경상남도 김해시 해반천로 5,,,,,,,,,,,,,
장신대역,경상남도 김해시 해반천로 129,,,,,,,,,,,,,
가야대역,경상남도 김해시 해반천로 211,,,,,,,,,,,,,
양촌역,경기도 김포시 양촌읍 양촌역길 107,,,,,,,,,,,,,
구래역,경기도 김포시 김포한강7로87,,,,,,,,,,,,,
마산역,경기도 김포시 김포한강3로442,,,,,,,,,,,,,
장기역,경기도 김포시 김포한강1로59,,,,,,,,,,,,,
운양역,경기도 김포시 김포한강1로235,,,,,,,,,,,,,
걸포북변역,경기도 김포시 김포대로1040,,,,,,,,,,,,,
사우(김포시청)역,경기도 김포시 김포대로852,,,,,,,,,,,,,
풍무역,경기도 김포시 김포대로710,,,,,,,,,,,,,
고촌역,경기도 김포시 고촌읍 김포대로350,,,,,,,,,,,,,
김포공항역,서울특별시 강서구 하늘길77,,,,,,,,,,,,,
발곡,경기도 의정부시 장곡로 258,,,,,,,,,,,,,
회룡,경기도 의정부시 평화로 363,,,,,,,,,,,,,
범골,경기도 의정부시 신흥로 141,,,,,,,,,,,,,
경전철의정부,경기도 의정부시 신흥로 237,,,,,,,,,,,,,
의정부시청,경기도 의정부시 의정부로 69,,,,,,,,,,,,,
흥선,경기도 의정부시 호국로 1197,,,,,,,,,,,,,
의정부중앙,경기도 의정부시 호국로 1305,,,,,,,,,,,,,
동오,경기도 의정부시 장곡로 471,,,,,,,,,,,,,
새말,경기도 의정부시 장곡로 551,,,,,,,,,,,,,
경기도청북부청사,경기도 의정부시 장곡로 615,,,,,,,,,,,,,
효자,경기도 의정부시 부용로 159-40,,,,,,,,,,,,,
곤제,경기도 의정부시 천보로 173,,,,,,,,,,,,,
어룡,경기도 의정부시 충의로 125,,,,,,,,,,,,,
송산,경기도 의정부시 충의로 59,,,,,,,,,,,,,
탑석,경기도 의정부시 충의로 20,,,,,,,,,,,,,
서울역,서울특별시 중구 세종대로 지하 2 (남대문로 5가),,,,,,,,,,,,,
시청,서울특별시 중구 세종대로 지하 101 (정동),,,,,,,,,,,,,
종각,서울특별시 종로구 종로 지하 55 (종로1가),,,,,,,,,,,,,
종로3가,서울특별시 종로구 종로 지하 129 (종로3가),,,,,,,,,,,,,
종로5가,서울특별시 종로구 종로 지하 216  (종로5가),,,,,,,,,,,,,
동대문,서울특별시 종로구 종로 지하 302 (창신동),,,,,,,,,,,,,
신설동,서울특별시 동대문구 왕산로 지하 1 (신설동),,,,,,,,,,,,,
제기동,서울특별시 동대문구 왕산로 지하 93 (제기동),,,,,,,,,,,,,
청량리,서울특별시 동대문구 왕산로 지하 205(전농동),,,,,,,,,,,,,
동묘앞,서울특별시 종로구 종로 359 (숭인동),,,,,,,,,,,,,
까치산,서울특별시 강서구 강서로 지하54(화곡동),,,,,,,,,,,,,
시청,서울특별시 중구 세종대로 지하 101 (정동),,,,,,,,,,,,,
을지로입구,서울특별시 중구 을지로 지하 42 (을지로1가),,,,,,,,,,,,,
을지로3가,서울특별시 중구 을지로 지하 106 (을지로3가),,,,,,,,,,,,,
을지로4가,서울특별시 중구 을지로 지하 178 (을지로4가),,,,,,,,,,,,,
동대문역사문화공원,서울특별시 중구 을지로 지하 279 (을지로7가),,,,,,,,,,,,,
신당,서울특별시 중구 퇴계로 지하 431-1 (신당동),,,,,,,,,,,,,
상왕십리,서울특별시 성동구 왕십리로 지하 374 (하왕십리동),,,,,,,,,,,,,
왕십리,서울특별시 성동구 왕십리로 지하300(행당동),,,,,,,,,,,,,
한양대,서울특별시 성동구 왕십리로 206 (행당동),,,,,,,,,,,,,
뚝섬,서울특별시 성동구 아차산로 18 (성수동1가),,,,,,,,,,,,,
성수,서울특별시 성동구 아차산로 100 (성수동2가),,,,,,,,,,,,,
건대입구,서울특별시 광진구 아차산로 243 (화양동),,,,,,,,,,,,,
구의,서울특별시 광진구 아차산로 384-1 (구의동),,,,,,,,,,,,,
강변,서울특별시 광진구 강변역로 53 (구의동),,,,,,,,,,,,,
잠실나루,서울특별시 송파구 오금로 20 (신천동),,,,,,,,,,,,,
잠실,서울특별시 송파구 올림픽로 지하 265 (잠실동),,,,,,,,,,,,,
잠실새내,서울특별시 송파구 올림픽로 지하 140 (잠실동),,,,,,,,,,,,,
종합운동장,서울특별시 송파구 올림픽로 지하 23 (잠실동),,,,,,,,,,,,,
삼성,서울특별시 강남구 테헤란로 지하 538 (삼성동),,,,,,,,,,,,,
선릉,서울특별시 강남구 테헤란로 지하 340 (삼성동),,,,,,,,,,,,,
역삼,서울특별시 강남구 테헤란로 지하 156 (역삼동),,,,,,,,,,,,,
강남,서울특별시 강남구 강남대로 지하 396 (역삼동),,,,,,,,,,,,,
교대,서울특별시 서초구 서초대로 지하 294 (서초동),,,,,,,,,,,,,
서초,서울특별시 서초구 서초대로 지하 233 (서초동),,,,,,,,,,,,,
방배,서울특별시 서초구 방배로 지하 80 (방배동),,,,,,,,,,,,,
사당,서울특별시 동작구 남부순환로 지하 2089 (사당동),,,,,,,,,,,,,
낙성대,서울특별시 관악구 남부순환로 지하 1928 (봉천동),,,,,,,,,,,,,
서울대입구,서울특별시 관악구 남부순환로 지하 1822 (봉천동),,,,,,,,,,,,,
봉천,서울특별시 관악구 남부순환로 지하 1721 (봉천동),,,,,,,,,,,,,
신림,서울특별시 관악구 남부순환로 지하 1614 (신림동),,,,,,,,,,,,,
신대방,서울특별시 동작구 대림로 2 (신대방동),,,,,,,,,,,,,
구로디지털단지,서울특별시 구로구 도림천로 477 (구로동),,,,,,,,,,,,,
대림,서울 구로구 구로6동 125-66,,,,,,,,,,,,,
신도림,서울특별시 구로구 새말로 지하 117-21 (신도림동),,,,,,,,,,,,,
문래,서울특별시 영등포구 당산로 지하 28 (문래동3가),,,,,,,,,,,,,
영등포구청,서울특별시 영등포구 당산로 지하 121 (당산동3가),,,,,,,,,,,,,
당산,서울특별시 영등포구 당산로 229 (당산동 6가),,,,,,,,,,,,,
합정,서울특별시 마포구 양화로 지하 55 (서교동),,,,,,,,,,,,,
홍대입구,서울특별시 마포구 양화로 지하160 (동교동),,,,,,,,,,,,,
신촌,서울특별시 마포구 신촌로 지하 90 (노고산동),,,,,,,,,,,,,
이대,서울특별시 마포구 신촌로 지하 180 (염리동),,,,,,,,,,,,,
아현,서울특별시 마포구 신촌로 지하 270 (아현동),,,,,,,,,,,,,
충정로,서울특별시 서대문구 서소문로 지하 17 (충정로3가),,,,,,,,,,,,,
용답,서울특별시 성동구 용답길 86 (용답동),,,,,,,,,,,,,
신답,서울특별시 성동구 천호대로 232 (용답동),,,,,,,,,,,,,
신설동,서울특별시 동대문구 왕산로 지하 1 (신설동),,,,,,,,,,,,,
도림천,서울특별시 구로구 경인로 67길 160 (신도림동),,,,,,,,,,,,,
양천구청,서울특별시 양천구 목동로3길 지하 33(신정동),,,,,,,,,,,,,
신정네거리,서울특별시 양천구 중앙로 지하 261 (신정동),,,,,,,,,,,,,
용두,서울특별시 동대문구 천호대로 지하 129,,,,,,,,,,,,,
지축,경기도 고양시 덕양구 삼송로 300 (지축동),,,,,,,,,,,,,
구파발,서울특별시 은평구 진관2로 지하 15-25 (진관동),,,,,,,,,,,,,
연신내,서울특별시 은평구 통일로 지하 849 (갈현동),,,,,,,,,,,,,
불광,"서울특별시 은평구 통일로 지하 723-1 (대조동, 3호선 불광역)",,,,,,,,,,,,,
녹번,서울특별시 은평구 통일로 지하 602-1 (녹번동),,,,,,,,,,,,,
홍제,서울특별시 서대문구 통일로 지하 440-1 (홍제동),,,,,,,,,,,,,
무악재,서울특별시 서대문구 통일로 지하 361 (홍제동),,,,,,,,,,,,,
독립문,서울특별시 서대문구 통일로 지하 247 (현저동),,,,,,,,,,,,,
경복궁,서울특별시 종로구 사직로 지하 130 (적선동),,,,,,,,,,,,,
안국,서울특별시 종로구 율곡로 지하 62 (안국동),,,,,,,,,,,,,
종로3가,서울특별시 종로구 종로 지하 129 (종로3가),,,,,,,,,,,,,
을지로3가,서울특별시 중구 을지로 지하 106 (을지로3가),,,,,,,,,,,,,
충무로,서울특별시 중구 퇴계로 지하 199 (필동2가),,,,,,,,,,,,,
동대입구,서울특별시 중구 동호로 지하 256 (장충동2가),,,,,,,,,,,,,
약수,서울특별시 중구 다산로 지하 122 (신당동),,,,,,,,,,,,,
금호,서울특별시 성동구 동호로 지하 104 (금호동4가),,,,,,,,,,,,,
옥수,서울특별시 성동구 동호로 21 (옥수동) 옥수역,,,,,,,,,,,,,
압구정,서울특별시 강남구 압구정로 지하 172 (신사동),,,,,,,,,,,,,
신사,서울특별시 강남구 도산대로 지하 102 (신사동),,,,,,,,,,,,,
잠원,서울특별시 서초구 잠원로 4길 지하 46 (잠원동),,,,,,,,,,,,,
고속터미널,서울특별시 서초구 신반포로 지하 188 (반포동),,,,,,,,,,,,,
교대,서울특별시 서초구 서초대로 지하 294 (서초동),,,,,,,,,,,,,
남부터미널,서울특별시 서초구 서초중앙로 지하 31 (서초동),,,,,,,,,,,,,
양재,서울특별시 서초구 남부순환로 지하 2585 (서초동),,,,,,,,,,,,,
매봉,서울특별시 강남구 남부순환로 지하 2744 (도곡동),,,,,,,,,,,,,
도곡,서울특별시 강남구 남부순환로 지하 2814 (도곡동),,,,,,,,,,,,,
대치,서울특별시 강남구 남부순환로 지하 2952 (대치동),,,,,,,,,,,,,
학여울,서울특별시 강남구 남부순환로 지하 3104 (대치동),,,,,,,,,,,,,
대청,서울특별시 강남구 일원로 지하 2 (일원동),,,,,,,,,,,,,
일원,서울특별시 강남구 일원로 지하 121 (일원동),,,,,,,,,,,,,
수서,서울특별시 강남구 광평로 지하 270 (수서동),,,,,,,,,,,,,
가락시장,서울특별시 송파구 송파대로 지하 257 (가락동),,,,,,,,,,,,,
경찰병원,서울특별시 송파구 중대로 지하 149 (가락동),,,,,,,,,,,,,
오금,서울특별시 송파구 오금로 지하 321 (오금동),,,,,,,,,,,,,
당고개,서울특별시 노원구 상계로 305 (상계동),,,,,,,,,,,,,
상계,서울특별시 노원구 상계로 182 (상계동),,,,,,,,,,,,,
노원,서울특별시 노원구 상계로 69-1 (상계동),,,,,,,,,,,,,
창동,서울특별시 도봉구 마들로 11길 77 (창동),,,,,,,,,,,,,
쌍문,서울특별시 도봉구 도봉로 지하 486-1 (창동),,,,,,,,,,,,,
수유,서울특별시 강북구 도봉로 지하 50 (미아동),,,,,,,,,,,,,
미아,서울특별시 강북구 도봉로 지하 198 (미아동),,,,,,,,,,,,,
미아사거리,서울특별시 강북구 도봉로 지하 50 (미아동),,,,,,,,,,,,,
길음,서울특별시 성북구 동소문로 지하 248 (길음동),,,,,,,,,,,,,
성신여대입구,서울특별시 성북구 동소문로 지하 102 (동선동4가),,,,,,,,,,,,,
한성대입구,서울특별시 성북구 삼선교로 지하1 (삼선동1가),,,,,,,,,,,,,
혜화,서울특별시 종로구 대학로 지하 120 (동숭동),,,,,,,,,,,,,
동대문,서울특별시 종로구 율곡로 308,,,,,,,,,,,,,
동대문역사문화공원,서울특별시 중구 장충단로 지하 230 (광희동 2가),,,,,,,,,,,,,
충무로,서울특별시 중구 퇴계로 지하 199 (필동2가),,,,,,,,,,,,,
명동,서울특별시 중구 퇴계로 지하 126 (충무로2가),,,,,,,,,,,,,
회현,서울특별시 중구 퇴계로 지하 54 (남창동),,,,,,,,,,,,,
서울역,서울특별시 용산구 한강대로 지하 392(동자동),,,,,,,,,,,,,
숙대입구,서울특별시 용산구 한강대로 지하 306,,,,,,,,,,,,,
삼각지,서울특별시 용산구 한강대로 지하 180 (한강로1가),,,,,,,,,,,,,
신용산,서울특별시 용산구 한강대로 지하 112 (한강로2가),,,,,,,,,,,,,
이촌,서울특별시 용산구 용산동5가 17,,,,,,,,,,,,,
동작,서울특별시 동작구 현충로 257 (동작동),,,,,,,,,,,,,
총신대입구,서울특별시 동작구 동작대로 지하 117 (사당동),,,,,,,,,,,,,
사당,"서울특별시 동작구 동작대로 3(사당동,사당역(4호선))",,,,,,,,,,,,,
남태령,서울특별시 서초구 과천대로 지하 816 (방배동),,,,,,,,,,,,,
방화,서울특별시 강서구 금낭화로 지하132 (방화동),,,,,,,,,,,,,
개화산,서울특별시 강서구 양천로 22(방화동),,,,,,,,,,,,,
김포공항,서울특별시 강서구 하늘길 지하77 (방화동),,,,,,,,,,,,,
송정,서울특별시 강서구 공항대로 지하33 (공항동),,,,,,,,,,,,,
마곡,서울특별시 강서구 공항대로 지하163 (가양동),,,,,,,,,,,,,
발산,서울특별시 강서구 공항대로 지하267 (가양동),,,,,,,,,,,,,
우장산,서울특별시 강서구 강서로 지하262 (화곡동),,,,,,,,,,,,,
화곡,서울특별시 강서구 화곡로 지하168 (화곡동),,,,,,,,,,,,,
까치산,서울특별시 강서구 강서로 지하54(화곡동),,,,,,,,,,,,,
신정,서울특별시 양천구 오목로 지하179 (신정동),,,,,,,,,,,,,
목동,서울특별시 양천구 오목로 지하245 (목동),,,,,,,,,,,,,
오목교,서울특별시 양천구 오목로 지하342 (목동),,,,,,,,,,,,,
양평,서울특별시 영등포구 양산로 지하21(양평동2가),,,,,,,,,,,,,
영등포구청,서울특별시 영등포구 당산로 지하 121 (당산동3가),,,,,,,,,,,,,
영등포시장,서울특별시 영등포구 양산로 지하200 (영등포동5가),,,,,,,,,,,,,
신길,서울특별시 영등포구 경인로114가길 지하9 (영등포동1가),,,,,,,,,,,,,
여의도,서울특별시 영등포구 여의나루로 지하40 (여의도동),,,,,,,,,,,,,
여의나루,서울특별시 영등포구 여의동로 지하343 (여의도동),,,,,,,,,,,,,
마포,서울특별시 마포구 마포대로 지하33 (도화동),,,,,,,,,,,,,
공덕,서울특별시 마포구 마포대로 지하100(공덕동),,,,,,,,,,,,,
애오개,서울특별시 마포구 마포대로 지하210 (아현동),,,,,,,,,,,,,
충정로,서울특별시 서대문구 충정로 28-1,,,,,,,,,,,,,
서대문,서울특별시 종로구 통일로 지하126 (평동),,,,,,,,,,,,,
광화문,서울특별시 종로구 세종대로 지하172 (세종로),,,,,,,,,,,,,
종로3가,서울특별시 종로구 종로 지하 129 (종로3가),,,,,,,,,,,,,
을지로4가,서울특별시 중구 을지로 지하 178 (을지로4가),,,,,,,,,,,,,
동대문역사문화공원,서울특별시 중구 을지로 지하 279 (을지로7가),,,,,,,,,,,,,
청구,서울특별시 중구 청구로 지하77(신당동),,,,,,,,,,,,,
신금호,서울특별시 성동구 금호로 지하154 (금호동2가),,,,,,,,,,,,,
행당,서울특별시 성동구 행당로 지하89 (행당동),,,,,,,,,,,,,
왕십리,서울특별시 성동구 왕십리로 지하300 (행당동),,,,,,,,,,,,,
마장,서울특별시 성동구 마장로 지하296 (마장동),,,,,,,,,,,,,
답십리,서울특별시 성동구 천호대로 지하300(용답동),,,,,,,,,,,,,
장한평,서울특별시 동대문구 천호대로 지하405 (장안동),,,,,,,,,,,,,
군자,서울특별시 광진구 천호대로 지하550,,,,,,,,,,,,,
아차산,서울특별시 광진구 천호대로 지하657,,,,,,,,,,,,,
광나루,서울특별시 광진구 아차산로 지하571 (광장동),,,,,,,,,,,,,
천호,서울특별시 강동구 천호대로 지하997 (천호동),,,,,,,,,,,,,
강동,서울특별시 강동구 천호대로 지하1097 (천호동),,,,,,,,,,,,,
길동,서울특별시 강동구 양재대로 지하1480 (길동),,,,,,,,,,,,,
굽은다리,서울특별시 강동구 양재대로 지하1572 (명일동),,,,,,,,,,,,,
명일,서울특별시 강동구 양재대로 지하1632 (명일동),,,,,,,,,,,,,
고덕,서울특별시 강동구 고덕로 지하253 (고덕동),,,,,,,,,,,,,
상일동,서울특별시 강동구 고덕로 지하359 (상일동),,,,,,,,,,,,,
둔촌동,서울특별시 강동구 양재대로 지하1369 (둔촌동),,,,,,,,,,,,,
올림픽공원,서울특별시 송파구 양재대로 지하1233,,,,,,,,,,,,,
방이,서울특별시 송파구 양재대로 지하1127 (방이동),,,,,,,,,,,,,
오금,서울특별시 송파구 오금로 지하 321 (오금동),,,,,,,,,,,,,
개롱,서울특별시 송파구 오금로 지하402 (가락동),,,,,,,,,,,,,
거여,서울특별시 송파구 오금로 지하499(거여동),,,,,,,,,,,,,
마천,서울특별시 송파구 마천로57길 지하7(마천동),,,,,,,,,,,,,
응암,서울특별시 은평구 증산로 지하477 (역촌동),,,,,,,,,,,,,
역촌,서울특별시 은평구 서오릉로 지하63 (녹번동),,,,,,,,,,,,,
불광,서울특별시 은평구 통일로 지하 723-1 (대조동),,,,,,,,,,,,,
독바위,서울특별시 은평구 불광로 지하129-1 (불광동),,,,,,,,,,,,,
연신내,서울특별시 은평구 통일로 지하 849 (갈현동),,,,,,,,,,,,,
구산,서울특별시 은평구 연서로 지하137-1(구산동),,,,,,,,,,,,,
새절,서울특별시 은평구 증산로 지하400 (신사동,,,,,,,,,,,,,
증산,서울특별시 은평구 증산로 지하306(증산동),,,,,,,,,,,,,
디지털미디어시티,서울특별시 은평구 수색로 지하175 (증산동),,,,,,,,,,,,,
월드컵경기장,서울특별시 마포구 월드컵로 지하240 (성산동),,,,,,,,,,,,,
마포구청,서울특별시 마포구 월드컵로 지하190 (성산동),,,,,,,,,,,,,
망원,서울특별시 마포구 월드컵로 지하77 (망원동),,,,,,,,,,,,,
합정,서울특별시 마포구 양화로 지하 45,,,,,,,,,,,,,
상수,서울특별시 마포구 독막로 지하85 (상수동),,,,,,,,,,,,,
광흥창,서울특별시 마포구 독막로 지하 165,,,,,,,,,,,,,
대흥,서울특별시 마포구 대흥로 지하 85,,,,,,,,,,,,,
공덕,서울특별시 마포구 백범로 지하 200(공덕동),,,,,,,,,,,,,
효창공원앞,서울특별시 용산구 백범로 지하287 (효창동),,,,,,,,,,,,,
삼각지,서울특별시 용산구 한강대로 지하 180 (한강로1가),,,,,,,,,,,,,
주례역,부산광역시 사상구 가야대로 지하 292,,,,,,,,,,,,,
녹사평,서울특별시 용산구 녹사평대로 지하195 (용산동4가),,,,,,,,,,,,,
이태원,서울특별시 용산구 이태원로 지하177(이태원동),,,,,,,,,,,,,
한강진,서울특별시 용산구 이태원로 지하287 (한남동),,,,,,,,,,,,,
버티고개,서울특별시 중구 다산로 지하38 (신당동),,,,,,,,,,,,,
약수,서울특별시 중구 다산로 지하 155 (신당동),,,,,,,,,,,,,
청구,서울특별시 중구 청구로 지하77(신당동),,,,,,,,,,,,,
신당,서울특별시 중구 퇴계로 지하 431-1 (신당동),,,,,,,,,,,,,
동묘앞,서울특별시 종로구 종로 359 (숭인동),,,,,,,,,,,,,
창신,서울특별시 종로구 지봉로 지하112 (창신동),,,,,,,,,,,,,
보문,서울특별시 성북구 보문로 지하116 (보문동1가),,,,,,,,,,,,,
안암,서울특별시 성북구 고려대로 지하89 (안암동5가),,,,,,,,,,,,,
고려대,서울특별시 성북구 종암로 지하1 (종암동),,,,,,,,,,,,,
월곡,서울특별시 성북구 월곡로 지하107 (하월곡동),,,,,,,,,,,,,
상월곡,서울특별시 성북구 화랑로 지하157 (상월곡동),,,,,,,,,,,,,
돌곶이,서울특별시 성북구 화랑로 지하243 (석관동),,,,,,,,,,,,,
석계,서울특별시 노원구 화랑로 지하347-1 (월계동),,,,,,,,,,,,,
태릉입구,서울특별시 노원구 동일로 지하992-1 (공릉동),,,,,,,,,,,,,
화랑대,서울특별시 노원구 화랑로 지하510,,,,,,,,,,,,,
봉화산,서울특별시 중랑구 신내로 지하232 (신내동),,,,,,,,,,,,,
신내,서울특별시 중랑구 용마산로136길 33,,,,,,,,,,,,,
장암,경기도 의정부시 동일로 121 (장암동),,,,,,,,,,,,,
도봉산,서울특별시 도봉구 도봉로 964-40 (도봉동),,,,,,,,,,,,,
수락산,서울특별시 노원구 동일로 지하1662 (상계동),,,,,,,,,,,,,
마들,서울특별시 노원구 동일로 지하1530-1 (상계동),,,,,,,,,,,,,
노원,서울특별시 노원구 상계로 69-1 (상계동),,,,,,,,,,,,,
중계,서울특별시 노원구 동일로 지하1308-1 (중계동),,,,,,,,,,,,,
하계,서울특별시 노원구 동일로 지하1196(하계동),,,,,,,,,,,,,
공릉,서울특별시 노원구 동일로 지하1074,,,,,,,,,,,,,
태릉입구,서울특별시 노원구 동일로 지하992-1 (공릉동),,,,,,,,,,,,,
먹골,서울특별시 중랑구 동일로 지하901 (묵동),,,,,,,,,,,,,
중화,서울특별시 중랑구 동일로 지하797 (중화동),,,,,,,,,,,,,
상봉,서울특별시 중랑구 망우로 지하 297,,,,,,,,,,,,,
면목,"서울특별시 중랑구 면목로 지하407(면목동,면목역)",,,,,,,,,,,,,
사가정,서울특별시 중랑구 사가정로 지하393 (면목동),,,,,,,,,,,,,
용마산,서울특별시 중랑구 용마산로 지하227(면목동),,,,,,,,,,,,,
중곡,서울특별시 광진구 능동로 지하417 (중곡동),,,,,,,,,,,,,
군자,서울특별시 광진구 천호대로 지하550,,,,,,,,,,,,,
어린이대공원,서울특별시 광진구 능동로 지하210(화양동),,,,,,,,,,,,,
건대입구,서울특별시 광진구 능동로110(화양동6-3),,,,,,,,,,,,,
뚝섬유원지,서울특별시 광진구 능동로 10 (자양동),,,,,,,,,,,,,
청담,서울특별시 강남구 학동로 지하508 (청담동),,,,,,,,,,,,,
강남구청,서울특별시 강남구 학동로 지하346 (삼성동),,,,,,,,,,,,,
학동,서울특별시 강남구 학동로 지하180(논현동),,,,,,,,,,,,,
논현,서울특별시 강남구 학동로 지하102(논현동),,,,,,,,,,,,,
반포,서울특별시 서초구 신반포로 지하241(잠원동),,,,,,,,,,,,,
고속터미널,서울특별시 서초구 신반포로 지하 188 (반포동),,,,,,,,,,,,,
내방,서울특별시 서초구 서초대로 지하103 (방배동),,,,,,,,,,,,,
이수,서울특별시 동작구 사당로 지하310 (사당동),,,,,,,,,,,,,
남성,서울특별시 동작구 사당로 지하218 (사당동),,,,,,,,,,,,,
숭실대입구,서울특별시 동작구 상도로 지하 378,,,,,,,,,,,,,
상도,서울특별시 동작구 상도로 지하272(상도1동),,,,,,,,,,,,,
장승배기,서울특별시 동작구 상도로 지하188(상도동),,,,,,,,,,,,,
신대방삼거리,서울특별시 동작구 상도로 지하76 (대방동),,,,,,,,,,,,,
보라매,서울특별시 동작구 상도로 지하2(대방동),,,,,,,,,,,,,
신풍,서울특별시 영등포구 신풍로 지하27(신길동),,,,,,,,,,,,,
대림,서울특별시 영등포구 도림로 지하137,,,,,,,,,,,,,
남구로,서울특별시 구로구 도림로 지하7(구로동),,,,,,,,,,,,,
가산디지털단지,서울특별시 금천구 벚꽃로 309 (가산동),,,,,,,,,,,,,
철산,경기도 광명시 철산로 지하13 (철산동),,,,,,,,,,,,,
광명사거리,경기도 광명시 오리로 지하980(광명동),,,,,,,,,,,,,
천왕,서울특별시 구로구 오리로 지하1154(오류동),,,,,,,,,,,,,
온수,서울특별시 구로구 경인로3길 지하64 (온수동),,,,,,,,,,,,,
까치울,경기도 부천시 길주로 626,,,,,,,,,,,,,
부천종합운동장,경기도 부천시 길주로 지하 502,,,,,,,,,,,,,
춘의,경기도 부천시 길주로 지하 406,,,,,,,,,,,,,
신중동,경기도 부천시 길주로 314,,,,,,,,,,,,,
부천시청,경기도 부천시 길주로 202,,,,,,,,,,,,,
상동,경기도 부천시 길주로 104,,,,,,,,,,,,,
삼산체육관,인천광역시 부평구 길주로 지하713 (삼산동),,,,,,,,,,,,,
굴포천,인천광역시 부평구 길주로 지하623 (삼산동),,,,,,,,,,,,,
부평구청,인천광역시 부평구 길주로 지하527(갈산동),,,,,,,,,,,,,
암사,서울특별시 강동구 올림픽로 지하776 (암사동),,,,,,,,,,,,,
천호,서울특별시 강동구 천호대로 지하997 (천호동),,,,,,,,,,,,,
강동구청,서울특별시 강동구 올림픽로 지하550 (성내동),,,,,,,,,,,,,
몽촌토성,서울특별시 송파구 올림픽로 지하383,,,,,,,,,,,,,
잠실,서울특별시 송파구 올림픽로 지하 265 (잠실동),,,,,,,,,,,,,
석촌,서울특별시 송파구 송파대로 지하439(석촌동),,,,,,,,,,,,,
송파,서울특별시 송파구 송파대로 지하354 (가락동),,,,,,,,,,,,,
가락시장,서울특별시 송파구 송파대로 지하 257 (가락동),,,,,,,,,,,,,
문정,서울특별시 송파구 송파대로 지하179 (문정동),,,,,,,,,,,,,
장지,서울특별시 송파구 송파대로 지하82(장지동),,,,,,,,,,,,,
복정,서울특별시 송파구 송파대로 지하6 (장지동),,,,,,,,,,,,,
산성,경기도 성남시 수정구 수정로 지하365(신흥동),,,,,,,,,,,,,
남한산성입구,경기도 성남시 수정구 산성대로 지하 445,,,,,,,,,,,,,
단대오거리,경기도 성남시 수정구 산성대로 지하365 (신흥동),,,,,,,,,,,,,
신흥,경기도 성남시 수정구 산성대로 지하280 (신흥동),,,,,,,,,,,,,
수진,경기도 성남시 수정구 산성대로 지하200 (수진동),,,,,,,,,,,,,
모란,경기도 성남시 수정구 산성대로 지하100 (수진동),,,,,,,,,,,,,
양동시장역,광주광역시 서구 경열로 지하 152(양동),,,,,,,,,,,,,
돌고개역,광주광역시 서구 경열로 지하 87(농성동),,,,,,,,,,,,,
농성역,광주광역시 서구 상무대로 지하 1123(농성동),,,,,,,,,,,,,
화정역,광주광역시 서구 상무대로 지하 1041(화정동),,,,,,,,,,,,,
쌍촌역,광주광역시 서구 상무대로 지하 983(쌍촌동),,,,,,,,,,,,,
운천역,광주광역시 서구 상무대로 지하 883(쌍촌동),,,,,,,,,,,,,
상무역,광주광역시 서구 상무대로 지하 777(마륵동),,,,,,,,,,,,,
김대중컨벤션센터(마륵)역,광주광역시 서구 상무대로 지하 705(마륵동),,,,,,,,,,,,,
공항역,광주광역시 광산구 상무대로 지하 416-99(신촌동),,,,,,,,,,,,,
송정공원역,광주광역시 광산구 상무대로 지하 314-99(송정동),,,,,,,,,,,,,
광주송정역,광주광역시 광산구 상무대로 지하 201-99(송정동),,,,,,,,,,,,,
도산역,광주광역시 광산구 상무대로 지하 125-99(도산동),,,,,,,,,,,,,
평동역,광주광역시 광산구 평동로 870(월전동),,,,,,,,,,,,,
장산역,부산광역시 해운대구 해운대로 지하 820,,,,,,,,,,,,,
중동역,부산광역시 해운대구 해운대로 지하 730,,,,,,,,,,,,,
해운대역,부산광역시 해운대구 해운대로 지하 626,,,,,,,,,,,,,
동백역,부산광역시 해운대구 해운대로 지하 522,,,,,,,,,,,,,
시립미술관역,부산광역시 해운대구 해운대로 지하 396,,,,,,,,,,,,,
센텀시티역,부산광역시 해운대구 센텀남대로 지하 76,,,,,,,,,,,,,
민락역,부산광역시 수영구 수영로 지하 769,,,,,,,,,,,,,
수영역,부산광역시 수영구 수영로 지하 677,,,,,,,,,,,,,
광안역,부산광역시 수영구 수영로 지하 576,,,,,,,,,,,,,
금련산역,부산광역시 수영구 수영로 지하 482,,,,,,,,,,,,,
남천역,부산광역시 수영구 수영로 지하 410,,,,,,,,,,,,,
경성대부경대역,부산광역시 남구 수영로 지하 324,,,,,,,,,,,,,
대연역,부산광역시 남구 수영로 지하 242,,,,,,,,,,,,,
못골역,부산광역시 남구 수영로 지하 170,,,,,,,,,,,,,
지게골역,부산광역시 남구 수영로 지하 70,,,,,,,,,,,,,
문현역,부산광역시 남구 전포대로 지하 17,,,,,,,,,,,,,
국제금융센터부산은행역,부산광역시 남구 전포대로 지하 97,,,,,,,,,,,,,
전포역,부산광역시 부산진구 전포대로 지하 181,,,,,,,,,,,,,
서면역(2호선),부산광역시 부산진구 중앙대로 지하 730,,,,,,,,,,,,,
부암역,부산광역시 부산진구 가야대로 지하 719,,,,,,,,,,,,,
가야역,부산광역시 부산진구 가야대로 지하 650,,,,,,,,,,,,,
동의대역,부산광역시 부산진구 가야대로 지하 554,,,,,,,,,,,,,
개금역,부산광역시 부산진구 가야대로 지하 442,,,,,,,,,,,,,
냉정역,부산광역시 사상구 가야대로 지하 362-1,,,,,,,,,,,,,
녹동역,광주광역시 동구 녹동길 45(용산동),,,,,,,,,,,,,
소태역,광주광역시 동구 남문로 지하 587(소태동),,,,,,,,,,,,,
학동증심사입구역,광주광역시 동구 남문로 지하 700(학동),,,,,,,,,,,,,
남광주역,광주광역시 동구 제봉로 지하 14(학동),,,,,,,,,,,,,
문화전당역(구도청),광주광역시 동구 문화전당로 26번길 지하 7(광산동),,,,,,,,,,,,,
금남로4가역,광주광역시 동구 금남로 지하 210(금남로4가),,,,,,,,,,,,,
금남로5가역,광주광역시 북구 금남로 지하 138(북동),,,,,,,,,,,,,
감전역,부산광역시 사상구 사상로 지하 93-1,,,,,,,,,,,,,
사상역,부산광역시 사상구 사상로 지하 203,,,,,,,,,,,,,
덕포역,부산광역시 사상구 사상로 지하 320-1,,,,,,,,,,,,,
모덕역,부산광역시 사상구 사상로 지하 409,,,,,,,,,,,,,
모라역,부산광역시 사상구 사상로 지하 498,,,,,,,,,,,,,
구남역,부산광역시 북구 백양대로 지하 1026,,,,,,,,,,,,,
구명역,부산광역시 북구 백양대로 지하 1094,,,,,,,,,,,,,
덕천역(2호선),부산광역시 북구 금곡대로 지하 14,,,,,,,,,,,,,
수정역,부산광역시 북구 금곡대로 지하 160,,,,,,,,,,,,,
화명역,부산광역시 북구 금곡대로 지하 311,,,,,,,,,,,,,
율리역,부산광역시 북구 금곡대로 지하 440,,,,,,,,,,,,,
동원역,부산광역시 북구 금곡대로 575,,,,,,,,,,,,,
금곡역,부산광역시 북구 금곡대로 685,,,,,,,,,,,,,
호포역,경상남도 양산시 동면 양산대로 62,,,,,,,,,,,,,
증산역,경상남도 양산시 물금읍 메기로 168,,,,,,,,,,,,,
부산대양산캠퍼스역,경상남도 양산시 물금읍 메기로 270,,,,,,,,,,,,,
남양산역,경상남도 양산시 동면 메기로 380,,,,,,,,,,,,,
양산역,경상남도 양산시 강변로 441,,,,,,,,,,,,,
기흥역,경기도 용인시 기흥구 중부대로 468,,,,,,,,,,,,,
강남대역,경기도 용인시 기흥구 중부대로 578,,,,,,,,,,,,,
지석역,경기도 용인시 기흥구 어정로 28,,,,,,,,,,,,,
어정역,경기도 용인시 기흥구 어정로 128,,,,,,,,,,,,,
동백역,경기도 용인시 기흥구 동백죽전대로 314,,,,,,,,,,,,,
초당역,경기도 용인시 기흥구 동백죽전대로 204,,,,,,,,,,,,,
삼가역,경기도 용인시 처인구 중부대로 1098,,,,,,,,,,,,,
시청-용인대역,경기도 용인시 처인구 중부대로 1199-1,,,,,,,,,,,,,
명지대역,경기도 용인시 처인구 금학로 241,,,,,,,,,,,,,
김량장역,경기도 용인시 처인구 금학로 315,,,,,,,,,,,,,
운동장-송담대역,경기도 용인시 처인구 금학로 409,,,,,,,,,,,,,
고진역,경기도 용인시 처인구 경안천로 141,,,,,,,,,,,,,
보평역,경기도 용인시 처인구 경안천로 313,,,,,,,,,,,,,
둔전역,경기도 용인시 처인구 포곡읍 포곡로 70,,,,,,,,,,,,,
전대-에버랜드역,경기도 용인시 처인구 포곡읍 에버랜드로 143,,,,,,,,,,,,,
